date,ticker,action
1996-01-02,AAL,added
1996-01-02,AAMRQ,added
1996-01-02,AAPL,added
1996-01-02,ABI,added
1996-01-02,ABS,added
1996-01-02,ABT,added
1996-01-02,ABX,added
1996-01-02,ACKH,added
1996-01-02,ACV,added
1996-01-02,ADM,added
1996-01-02,ADP,added
1996-01-02,ADSK,added
1996-01-02,AEE,added
1996-01-02,AEP,added
1996-01-02,AET,added
1996-01-02,AGC,added
1996-01-02,AGN,added
1996-01-02,AHM,added
1996-01-02,AIG,added
1996-01-02,AIT,added
1996-01-02,AL,added
1996-01-02,ALL,added
1996-01-02,AM,added
1996-01-02,AMAT,added
1996-01-02,AMD,added
1996-01-02,AMGN,added
1996-01-02,AMH,added
1996-01-02,AMP,added
1996-01-02,AN,added
1996-01-02,ANDW,added
1996-01-02,ANV,added
1996-01-02,APD,added
1996-01-02,AR,added
1996-01-02,ARC,added
1996-01-02,ARNC,added
1996-01-02,AS,added
1996-01-02,ASC,added
1996-01-02,ASH,added
1996-01-02,AT,added
1996-01-02,ATI,added
1996-01-02,AVP,added
1996-01-02,AVY,added
1996-01-02,AXP,added
1996-01-02,AZA.A,added
1996-01-02,BA,added
1996-01-02,BAC,added
1996-01-02,BAX,added
1996-01-02,BBI,added
1996-01-02,BC,added
1996-01-02,BCO,added
1996-01-02,BCR,added
1996-01-02,BDK,added
1996-01-02,BDX,added
1996-01-02,BEAM,added
1996-01-02,BEV,added
1996-01-02,BF.B,added
1996-01-02,BFI,added
1996-01-02,BFO,added
1996-01-02,BGG,added
1996-01-02,BHGE,added
1996-01-02,BHMSQ,added
1996-01-02,BK,added
1996-01-02,BKB,added
1996-01-02,BLL,added
1996-01-02,BLS,added
1996-01-02,BLY,added
1996-01-02,BMET,added
1996-01-02,BMS,added
1996-01-02,BMY,added
1996-01-02,BNI,added
1996-01-02,BNL,added
1996-01-02,BOAT,added
1996-01-02,BOL,added
1996-01-02,BR,added
1996-01-02,BSX,added
1996-01-02,BT,added
1996-01-02,BUD,added
1996-01-02,C,added
1996-01-02,CA,added
1996-01-02,CAG,added
1996-01-02,CAL,added
1996-01-02,CAR,added
1996-01-02,CAT,added
1996-01-02,CB,added
1996-01-02,CBB,added
1996-01-02,CBE,added
1996-01-02,CBS,added
1996-01-02,CCB,added
1996-01-02,CCI,added
1996-01-02,CCK,added
1996-01-02,CCTYQ,added
1996-01-02,CEG,added
1996-01-02,CEN,added
1996-01-02,CFL,added
1996-01-02,CG,added
1996-01-02,CGP,added
1996-01-02,CHA,added
1996-01-02,CHRS,added
1996-01-02,CI,added
1996-01-02,CIN,added
1996-01-02,CL,added
1996-01-02,CLX,added
1996-01-02,CMA,added
1996-01-02,CMB,added
1996-01-02,CMCSA,added
1996-01-02,CMI,added
1996-01-02,CNG,added
1996-01-02,CNP,added
1996-01-02,CNW,added
1996-01-02,COMS,added
1996-01-02,COP,added
1996-01-02,COST,added
1996-01-02,COV,added
1996-01-02,CPB,added
1996-01-02,CPQ,added
1996-01-02,CR,added
1996-01-02,CRR,added
1996-01-02,CSCO,added
1996-01-02,CSR,added
1996-01-02,CSX,added
1996-01-02,CTB,added
1996-01-02,CTX,added
1996-01-02,CVS,added
1996-01-02,CVX,added
1996-01-02,CYM,added
1996-01-02,CYR,added
1996-01-02,D,added
1996-01-02,DALRQ,added
1996-01-02,DCNAQ,added
1996-01-02,DD,added
1996-01-02,DDS,added
1996-01-02,DE,added
1996-01-02,DEC,added
1996-01-02,DGN,added
1996-01-02,DI,added
1996-01-02,DIGI,added
1996-01-02,DIS,added
1996-01-02,DJ,added
1996-01-02,DLX,added
1996-01-02,DOV,added
1996-01-02,DOW,added
1996-01-02,DRI,added
1996-01-02,DTE,added
1996-01-02,DUK,added
1996-01-02,DWD,added
1996-01-02,DXC,added
1996-01-02,EC,added
1996-01-02,ECH,added
1996-01-02,ECL,added
1996-01-02,ECO,added
1996-01-02,ED,added
1996-01-02,EFU,added
1996-01-02,EIX,added
1996-01-02,EKDKQ,added
1996-01-02,EMN,added
1996-01-02,EMR,added
1996-01-02,ENRNQ,added
1996-01-02,ENS,added
1996-01-02,ETN,added
1996-01-02,ETR,added
1996-01-02,ETS,added
1996-01-02,EXC,added
1996-01-02,F,added
1996-01-02,FBF,added
1996-01-02,FBO,added
1996-01-02,FCN,added
1996-01-02,FCX,added
1996-01-02,FDC,added
1996-01-02,FDX,added
1996-01-02,FE,added
1996-01-02,FG,added
1996-01-02,FJ,added
1996-01-02,FL,added
1996-01-02,FLMIQ,added
1996-01-02,FLTWQ,added
1996-01-02,FMC,added
1996-01-02,FMCC,added
1996-01-02,FNMA,added
1996-01-02,FTL.A,added
1996-01-02,FWLT,added
1996-01-02,G,added
1996-01-02,GAPTQ,added
1996-01-02,GAS,added
1996-01-02,GD,added
1996-01-02,GDW,added
1996-01-02,GE,added
1996-01-02,GFS.A,added
1996-01-02,GIDL,added
1996-01-02,GIS,added
1996-01-02,GLD,added
1996-01-02,GLK,added
1996-01-02,GLW,added
1996-01-02,GP,added
1996-01-02,GPC,added
1996-01-02,GPS,added
1996-01-02,GPU,added
1996-01-02,GR,added
1996-01-02,GRA,added
1996-01-02,GRN,added
1996-01-02,GSX,added
1996-01-02,GT,added
1996-01-02,GTE,added
1996-01-02,GWF,added
1996-01-02,GWW,added
1996-01-02,H,added
1996-01-02,HAL,added
1996-01-02,HAS,added
1996-01-02,HCA,added
1996-01-02,HD,added
1996-01-02,HDLM,added
1996-01-02,HES,added
1996-01-02,HET,added
1996-01-02,HI,added
1996-01-02,HIG,added
1996-01-02,HLT,added
1996-01-02,HM,added
1996-01-02,HNZ,added
1996-01-02,HON,added
1996-01-02,HP,added
1996-01-02,HPC,added
1996-01-02,HPH,added
1996-01-02,HPQ,added
1996-01-02,HRB,added
1996-01-02,HRS,added
1996-01-02,HSH,added
1996-01-02,HSY,added
1996-01-02,HUM,added
1996-01-02,I,added
1996-01-02,IBM,added
1996-01-02,IFF,added
1996-01-02,IKN,added
1996-01-02,INCLF,added
1996-01-02,INGR,added
1996-01-02,INTC,added
1996-01-02,IP,added
1996-01-02,IPG,added
1996-01-02,IR,added
1996-01-02,ITT,added
1996-01-02,ITW,added
1996-01-02,JAVA,added
1996-01-02,JCI,added
1996-01-02,JCP,added
1996-01-02,JH,added
1996-01-02,JNJ,added
1996-01-02,JOS,added
1996-01-02,JP,added
1996-01-02,JPM,added
1996-01-02,JWN,added
1996-01-02,K,added
1996-01-02,KATE,added
1996-01-02,KBH,added
1996-01-02,KEY,added
1996-01-02,KM,added
1996-01-02,KMB,added
1996-01-02,KMG,added
1996-01-02,KO,added
1996-01-02,KR,added
1996-01-02,KRB,added
1996-01-02,KRI,added
1996-01-02,KWP,added
1996-01-02,L,added
1996-01-02,LB,added
1996-01-02,LDG,added
1996-01-02,LDW.B,added
1996-01-02,LLX,added
1996-01-02,LLY,added
1996-01-02,LMT,added
1996-01-02,LNC,added
1996-01-02,LOR,added
1996-01-02,LOW,added
1996-01-02,LPX,added
1996-01-02,LSI,added
1996-01-02,LUB,added
1996-01-02,LUV,added
1996-01-02,M,added
1996-01-02,MAS,added
1996-01-02,MAT,added
1996-01-02,MAY,added
1996-01-02,MCD,added
1996-01-02,MCIC,added
1996-01-02,MCO,added
1996-01-02,MD,added
1996-01-02,MDP,added
1996-01-02,MDR,added
1996-01-02,MDT,added
1996-01-02,MEA,added
1996-01-02,MEE,added
1996-01-02,MEL,added
1996-01-02,MER,added
1996-01-02,MII,added
1996-01-02,MIL,added
1996-01-02,MKG,added
1996-01-02,MMC,added
1996-01-02,MMM,added
1996-01-02,MNR,added
1996-01-02,MO,added
1996-01-02,MOB,added
1996-01-02,MRK,added
1996-01-02,MRO,added
1996-01-02,MS,added
1996-01-02,MSFT,added
1996-01-02,MSI,added
1996-01-02,MST,added
1996-01-02,MTLQQ,added
1996-01-02,MU,added
1996-01-02,MWI,added
1996-01-02,MWV,added
1996-01-02,MYG,added
1996-01-02,MZIAQ,added
1996-01-02,NAE,added
1996-01-02,NAV,added
1996-01-02,NC,added
1996-01-02,NCC,added
1996-01-02,NEE,added
1996-01-02,NEM,added
1996-01-02,NKE,added
1996-01-02,NLC,added
1996-01-02,NMK,added
1996-01-02,NOC,added
1996-01-02,NOVL,added
1996-01-02,NRTLQ,added
1996-01-02,NSC,added
1996-01-02,NSI,added
1996-01-02,NSM,added
1996-01-02,NUE,added
1996-01-02,NWL,added
1996-01-02,NYN,added
1996-01-02,NYT,added
1996-01-02,OAT,added
1996-01-02,OKE,added
1996-01-02,OM,added
1996-01-02,OMX,added
1996-01-02,ONE,added
1996-01-02,ORCL,added
1996-01-02,ORX,added
1996-01-02,OWENQ,added
1996-01-02,OXY,added
1996-01-02,PAC,added
1996-01-02,PAS,added
1996-01-02,PBI,added
1996-01-02,PBY,added
1996-01-02,PCAR,added
1996-01-02,PCG,added
1996-01-02,PCH,added
1996-01-02,PD,added
1996-01-02,PDG,added
1996-01-02,PEG,added
1996-01-02,PEL,added
1996-01-02,PEP,added
1996-01-02,PET,added
1996-01-02,PFE,added
1996-01-02,PG,added
1996-01-02,PGL,added
1996-01-02,PGN,added
1996-01-02,PH,added
1996-01-02,PHA,added
1996-01-02,PHB,added
1996-01-02,PHM,added
1996-01-02,PKI,added
1996-01-02,PLL,added
1996-01-02,PMI,added
1996-01-02,PNC,added
1996-01-02,PNU,added
1996-01-02,PPG,added
1996-01-02,PPL,added
1996-01-02,PPW,added
1996-01-02,PRD,added
1996-01-02,PVN,added
1996-01-02,PX,added
1996-01-02,PZE,added
1996-01-02,R,added
1996-01-02,RAD,added
1996-01-02,RAL,added
1996-01-02,RBD,added
1996-01-02,RBK,added
1996-01-02,RDC,added
1996-01-02,RDS.A,added
1996-01-02,RLM,added
1996-01-02,RML,added
1996-01-02,RNB,added
1996-01-02,ROH,added
1996-01-02,ROK,added
1996-01-02,RRD,added
1996-01-02,RSHCQ,added
1996-01-02,RTN,added
1996-01-02,RYAN,added
1996-01-02,RYC,added
1996-01-02,RYI,added
1996-01-02,S,added
1996-01-02,SAF,added
1996-01-02,SB,added
1996-01-02,SCI,added
1996-01-02,SFA,added
1996-01-02,SFS,added
1996-01-02,SGID,added
1996-01-02,SGP,added
1996-01-02,SHN,added
1996-01-02,SHW,added
1996-01-02,SIAL,added
1996-01-02,SK,added
1996-01-02,SLB,added
1996-01-02,SMI,added
1996-01-02,SMS,added
1996-01-02,SNA,added
1996-01-02,SNT,added
1996-01-02,SO,added
1996-01-02,SPGI,added
1996-01-02,SRR,added
1996-01-02,STI,added
1996-01-02,STJ,added
1996-01-02,STO,added
1996-01-02,SUN,added
1996-01-02,SVU,added
1996-01-02,SWK,added
1996-01-02,SYY,added
1996-01-02,T,added
1996-01-02,TA,added
1996-01-02,TAP,added
1996-01-02,TCOMA,added
1996-01-02,TDM,added
1996-01-02,TEK,added
1996-01-02,TEN,added
1996-01-02,TGNA,added
1996-01-02,TGT,added
1996-01-02,THC,added
1996-01-02,THY,added
1996-01-02,TIN,added
1996-01-02,TJX,added
1996-01-02,TKR,added
1996-01-02,TLAB,added
1996-01-02,TMC,added
1996-01-02,TMC.A,added
1996-01-02,TMK,added
1996-01-02,TNB,added
1996-01-02,TOY,added
1996-01-02,TRB,added
1996-01-02,TRV,added
1996-01-02,TRW,added
1996-01-02,TWX,added
1996-01-02,TX,added
1996-01-02,TXN,added
1996-01-02,TXT,added
1996-01-02,TXU,added
1996-01-02,UAWGQ,added
1996-01-02,UCC,added
1996-01-02,UCL,added
1996-01-02,UCM,added
1996-01-02,UIS,added
1996-01-02,UK,added
1996-01-02,UMG,added
1996-01-02,UN,added
1996-01-02,UNH,added
1996-01-02,UNM,added
1996-01-02,UNP,added
1996-01-02,USB,added
1996-01-02,USBC,added
1996-01-02,USH,added
1996-01-02,USHC,added
1996-01-02,USS,added
1996-01-02,UST,added
1996-01-02,USW,added
1996-01-02,UTX,added
1996-01-02,VAT,added
1996-01-02,VFC,added
1996-01-02,VO,added
1996-01-02,VZ,added
1996-01-02,WAI,added
1996-01-02,WB,added
1996-01-02,WBA,added
1996-01-02,WEN,added
1996-01-02,WFC,added
1996-01-02,WHR,added
1996-01-02,WLA,added
1996-01-02,WLL,added
1996-01-02,WMB,added
1996-01-02,WMT,added
1996-01-02,WMX,added
1996-01-02,WNDXQ,added
1996-01-02,WOR,added
1996-01-02,WWY,added
1996-01-02,WY,added
1996-01-02,WYE,added
1996-01-02,X,added
1996-01-02,XEL,added
1996-01-02,XOM,added
1996-01-02,XRX,added
1996-01-02,YRCW,added
1996-01-22,BCO,removed
1996-01-22,CSE,added
1996-02-12,BAY,added
1996-02-12,CCB,removed
1996-03-08,FITB,added
1996-03-08,HDLM,removed
1996-03-13,FBO,removed
1996-03-13,GNT,added
1996-03-28,CYR,removed
1996-03-28,EMC,added
1996-04-01,CMB,removed
1996-04-01,I,removed
1996-04-01,NLV,added
1996-04-01,WCOEQ,added
1996-04-23,AON,added
1996-04-23,LOR,removed
1996-05-31,PMI,removed
1996-05-31,TUP,added
1996-07-19,MTG,added
1996-07-19,USHC,removed
1996-07-22,BMGCA,added
1996-07-22,CAL,removed
1996-08-16,COV,removed
1996-08-16,HFS,added
1996-08-16,SEG,added
1996-09-06,DELL,added
1996-09-06,VAT,removed
1996-10-01,LU,added
1996-10-01,OM,removed
1996-10-16,THY,removed
1996-10-16,UPR,added
1996-11-04,RX,added
1996-11-04,YRCW,removed
1996-12-03,CNW,removed
1996-12-03,MBI,added
1996-12-19,BLY,removed
1996-12-19,GDT,added
1997-01-02,AZO,added
1997-01-02,FRO,added
1997-01-02,LUB,removed
1997-01-02,RYAN,removed
1997-01-02,SHN,removed
1997-01-02,TMO,added
1997-01-07,BOAT,removed
1997-01-08,EHC,added
1997-01-15,AAL,removed
1997-01-15,CNC,added
1997-04-01,PAC,removed
1997-04-03,PTC,added
1997-05-06,ADBE,added
1997-05-06,GLD,removed
1997-05-27,CAH,added
1997-05-27,CRR,removed
1997-06-02,DWD,removed
1997-06-02,SCHW,added
1997-06-18,CFC,added
1997-06-18,USH,removed
1997-06-19,EFX,added
1997-06-19,PEL,removed
1997-07-02,GWF,removed
1997-07-02,WAMUQ,added
1997-07-17,GIDL,removed
1997-07-17,SAI,added
1997-07-28,APA,added
1997-07-28,APC,added
1997-07-28,INGR,removed
1997-07-28,SFS,removed
1997-08-01,MD,removed
1997-08-04,OI,added
1997-08-04,PGR,added
1997-08-04,USBC,removed
1997-08-06,ENS,removed
1997-08-06,HBAN,added
1997-08-07,MIR,added
1997-08-07,NAE,removed
1997-08-15,NYN,removed
1997-08-18,STT,added
1997-09-02,CCU,added
1997-09-02,TDM,removed
1997-09-15,AMH,removed
1997-09-15,KLAC,added
1997-10-07,SRR,removed
1997-10-07,YUM,added
1997-10-23,HBOC,added
1997-10-23,LLX,removed
1997-11-28,SB,removed
1997-12-01,SNV,added
1997-12-04,BBT,added
1997-12-04,BEV,removed
1997-12-18,CINF,added
1997-12-18,HFS,removed
1997-12-24,FLMIQ,removed
1997-12-24,OMC,added
1998-01-12,BBI,removed
1998-01-12,LEHMQ,added
1998-01-20,BIG,added
1998-01-20,ECO,removed
1998-01-28,CBB,removed
1998-01-28,SUB,added
1998-01-30,NTRS,added
1998-01-30,PAS,removed
1998-02-23,MTL,added
1998-04-01,JH,removed
1998-04-01,NXTL,added
1998-04-01,SEE,added
1998-04-01,SK,removed
1998-04-08,AFS.A,added
1998-04-08,CHRS,removed
1998-04-27,FG,removed
1998-04-27,GTW,added
1998-04-28,CFL,removed
1998-04-29,BEN,added
1998-05-21,MAR,added
1998-06-12,ASND,added
1998-06-12,DEC,removed
1998-06-29,PET,removed
1998-06-29,SRE,added
1998-07-01,BNL,removed
1998-07-01,BSC,added
1998-07-01,COF,added
1998-07-01,GNT,removed
1998-07-01,RYI,removed
1998-07-01,SLM,added
1998-07-10,ECH,removed
1998-07-10,FMY,added
1998-07-16,DG,added
1998-07-16,GFS.A,removed
1998-07-17,WM,added
1998-07-17,WMX,removed
1998-08-11,EDS,added
1998-08-11,WAI,removed
1998-08-14,KSS,added
1998-08-14,MST,removed
1998-08-28,DIGI,removed
1998-08-28,RF,added
1998-08-31,BAY,removed
1998-08-31,PVT,added
1998-09-15,MCIC,removed
1998-09-16,NGH,added
1998-09-28,HCR,added
1998-09-28,MNR,removed
1998-09-30,DI,removed
1998-10-01,AHM,removed
1998-10-01,BMC,added
1998-10-01,PAYX,added
1998-10-01,UPC,added
1998-10-02,AES,added
1998-10-02,FCN,removed
1998-10-02,PSFT,added
1998-10-02,USS,removed
1998-10-07,GSX,removed
1998-10-07,SPLS,added
1998-10-08,CCE,added
1998-10-08,CCI,removed
1998-11-03,NCE,added
1998-11-13,SWY,added
1998-11-18,DHR,added
1998-11-18,STO,removed
1998-11-24,AS,removed
1998-11-24,PCS,added
1998-12-22,CCL,added
1998-12-22,GRN,removed
1998-12-31,PZE,removed
1998-12-31,SLR,added
1999-01-04,AN,removed
1999-01-04,CPWR,added
1999-01-04,FL,removed
1999-01-04,SAI,removed
1999-01-13,HBOC,removed
1999-01-13,MCK,added
1999-03-01,ORX,removed
1999-03-01,SOTR,added
1999-03-10,ASO,added
1999-03-10,TCOMA,removed
1999-03-25,CTL,added
1999-03-25,RBD,removed
1999-04-05,AMP,removed
1999-04-05,KSU,added
1999-04-12,ANV,removed
1999-05-03,CMS,added
1999-05-03,UCC,removed
1999-05-28,AFL,added
1999-05-28,DPHIQ,added
1999-05-28,FMY,removed
1999-05-28,MWI,removed
1999-06-04,BT,removed
1999-06-04,PWJ,added
1999-06-09,HPH,removed
1999-06-09,WLP,added
1999-06-22,FPC,added
1999-06-22,MII,removed
1999-06-24,ASC,removed
1999-06-24,ODP,added
1999-06-25,ASND,removed
1999-06-25,NTAP,added
1999-06-30,BBY,added
1999-07-01,PVT,removed
1999-07-01,VMC,added
1999-07-22,QCOM,added
1999-07-22,TA,removed
1999-08-02,ADCT,added
1999-08-02,AW,added
1999-08-02,BFI,removed
1999-08-02,NLC,removed
1999-08-09,BMGCA,removed
1999-08-09,COC.B,added
1999-08-13,LXK,added
1999-08-13,RYC,removed
1999-09-20,MTL,removed
1999-09-20,TOS,added
1999-09-29,FRO,removed
1999-09-29,GX,added
1999-10-01,BBBY,added
1999-10-01,BKB,removed
1999-10-01,FTL.A,removed
1999-10-01,SXCL,added
1999-10-04,PHB,removed
1999-10-04,PNW,added
1999-10-11,AIT,removed
1999-10-12,ADI,added
1999-10-13,DGN,removed
1999-10-13,TROW,added
1999-10-18,CYM,removed
1999-10-18,LEG,added
1999-10-26,EP,added
1999-10-26,SNT,removed
1999-10-27,AR,removed
1999-10-27,CMVT,added
1999-11-05,PTV,added
1999-11-05,TEN,removed
1999-11-08,HRS,removed
1999-11-08,XLNX,added
1999-11-15,CSE,removed
1999-11-15,TER,added
1999-11-16,KWP,removed
1999-11-16,QTRN,added
1999-11-30,PPW,removed
1999-12-01,CTXS,added
1999-12-01,MOB,removed
1999-12-01,MOLX,added
1999-12-02,OK,added
1999-12-08,AABA,added
1999-12-08,LDW.B,removed
1999-12-31,HP,removed
1999-12-31,RIG,added
2000-01-03,RNB,removed
2000-01-04,NCR,added
2000-01-06,NLV,removed
2000-01-06,YNR,added
2000-01-31,BGEN,added
2000-01-31,CNG,removed
2000-01-31,CNXT,added
2000-01-31,FLTWQ,removed
2000-01-31,FWLT,removed
2000-01-31,HOG,added
2000-03-16,SCI,removed
2000-03-16,TSG,added
2000-04-03,LLTC,added
2000-04-03,PBY,removed
2000-04-03,PNU,removed
2000-04-03,VRTS,added
2000-04-18,ALTR,added
2000-04-18,ARC,removed
2000-05-04,RLM,removed
2000-05-05,SAPE,added
2000-05-05,SEBL,added
2000-05-10,JOS,removed
2000-05-10,MXIM,added
2000-06-01,APCC,added
2000-06-01,MIR,removed
2000-06-05,A,added
2000-06-05,NC,removed
2000-06-08,SBUX,added
2000-06-08,SMS,removed
2000-06-13,CVG,added
2000-06-13,TMC,removed
2000-06-13,TMC.A,removed
2000-06-15,UMG,removed
2000-06-16,CSR,removed
2000-06-16,MEDI,added
2000-06-19,CF,added
2000-06-19,CHA,removed
2000-06-19,NVLS,added
2000-06-20,WLA,removed
2000-06-21,SANM,added
2000-06-21,SGID,removed
2000-06-21,TIF,added
2000-06-29,IKN,removed
2000-06-29,MERQ,added
2000-06-29,MZIAQ,removed
2000-06-29,VSTNQ,added
2000-07-03,BRCM,added
2000-07-03,GTE,removed
2000-07-03,USW,removed
2000-07-06,Q,added
2000-07-13,JNS,added
2000-07-13,KSU,removed
2000-07-17,CIT.A,added
2000-07-17,UPR,removed
2000-07-27,RAD,removed
2000-07-27,VIAV,added
2000-07-28,COMS,removed
2000-07-28,PALM,added
2000-08-21,KSE,added
2000-08-21,NCE,removed
2000-08-30,DVN,added
2000-08-30,GAPTQ,removed
2000-10-02,AV,added
2000-10-02,OWENQ,removed
2000-10-03,BFO,removed
2000-10-03,DYN,added
2000-10-03,KG,added
2000-10-03,YNR,removed
2000-10-18,MKG,removed
2000-10-18,NBR,added
2000-10-23,PWER,added
2000-10-23,UCM,removed
2000-11-02,CG,removed
2000-11-02,EFU,removed
2000-11-02,EOG,added
2000-11-02,NI,added
2000-11-06,BVSN,added
2000-11-06,PWJ,removed
2000-11-17,ACKH,removed
2000-11-17,HOT,added
2000-11-22,FRX,added
2000-11-22,SEG,removed
2000-11-24,CHIR,added
2000-11-24,FJ,removed
2000-12-01,AFS.A,removed
2000-12-01,CPNLQ,added
2000-12-01,FPC,removed
2000-12-05,RHI,added
2000-12-11,ABKFQ,added
2000-12-11,AYE,added
2000-12-11,BHMSQ,removed
2000-12-11,CCK,removed
2000-12-11,GRA,removed
2000-12-11,INTU,added
2000-12-11,MET,added
2000-12-11,OI,removed
2000-12-11,SBL,added
2000-12-11,VO,removed
2000-12-12,KMI,added
2000-12-12,NGH,removed
2000-12-12,PRD,removed
2000-12-12,QLGC,added
2000-12-12,RML,removed
2000-12-12,SMI,removed
2000-12-12,SYK,added
2000-12-12,VTSS,added
2000-12-22,FLR,added
2000-12-22,MEE,removed
2001-01-02,AMCC,added
2001-01-16,NE,added
2001-01-30,CGP,removed
2001-01-30,JBL,added
2001-02-07,UK,removed
2001-02-07,UVN,added
2001-02-27,FTR,added
2001-03-01,CTAS,added
2001-03-01,SUB,removed
2001-04-02,CE,added
2001-04-02,CEN,removed
2001-04-02,FISV,added
2001-04-02,OK,removed
2001-04-03,BGG,removed
2001-04-03,MIR,added
2001-05-14,PBG,added
2001-05-14,SXCL,removed
2001-06-04,CIT.A,removed
2001-06-04,MWW,added
2001-06-25,AZA.A,removed
2001-06-25,ZION,added
2001-06-29,H,removed
2001-06-29,JHF,added
2001-07-02,COL,added
2001-07-02,LDG,removed
2001-07-09,AWE,added
2001-07-09,PCH,removed
2001-08-03,OAT,removed
2001-08-03,PMCS,added
2001-08-06,ETS,removed
2001-08-06,FDO,added
2001-08-07,TKR,removed
2001-08-07,ZBH,added
2001-08-29,AGC,removed
2001-08-30,ABC,added
2001-08-30,CIEN,added
2001-08-30,OKE,removed
2001-09-04,BVSN,removed
2001-09-04,IGT,added
2001-09-04,XL,added
2001-09-17,TOS,removed
2001-09-21,IMNX,added
2001-10-10,EOP,added
2001-10-10,GX,removed
2001-10-10,TE,added
2001-10-10,TX,removed
2001-11-07,GPU,removed
2001-11-07,HMA,added
2001-11-30,ENRNQ,removed
2001-11-30,NVDA,added
2001-12-03,EQR,added
2001-12-03,NSI,removed
2001-12-13,RAL,removed
2001-12-14,GENZ,added
2001-12-17,HM,removed
2001-12-17,JNY,added
2002-01-02,FMC,removed
2002-01-02,WAT,added
2002-01-17,KM,removed
2002-01-17,PCL,added
2002-01-30,MEA,removed
2002-02-01,NMK,removed
2002-02-01,RATL,added
2002-02-11,MI,added
2002-02-11,WLL,removed
2002-05-06,CPQ,removed
2002-05-06,FHN,added
2002-05-13,SAPE,removed
2002-05-13,TT,added
2002-05-15,APOL,added
2002-05-15,BJS,added
2002-05-15,UAWGQ,removed
2002-05-15,WCOEQ,removed
2002-06-26,CNXT,removed
2002-06-26,SPG,added
2002-07-16,IMNX,removed
2002-07-17,NFB,added
2002-07-22,ABX,removed
2002-07-22,AL,removed
2002-07-22,EA,added
2002-07-22,EBAY,added
2002-07-22,GS,added
2002-07-22,INCLF,removed
2002-07-22,NRTLQ,removed
2002-07-22,PDG,removed
2002-07-22,PFG,added
2002-07-22,PRU,added
2002-07-22,RDS.A,removed
2002-07-22,SDS,added
2002-07-22,UN,removed
2002-07-22,UPS,added
2002-07-25,ANTM,added
2002-07-25,CNC,removed
2002-08-14,MON,added
2002-08-14,PALM,removed
2002-08-21,VTSS,removed
2002-09-03,COC.B,removed
2002-09-04,RAI,added
2002-12-12,DGX,added
2002-12-12,TRW,removed
2003-02-21,RATL,removed
2003-02-24,AN,added
2003-03-14,AAMRQ,removed
2003-03-14,AIV,added
2003-03-21,EHC,removed
2003-03-21,MKC,added
2003-03-31,HI,removed
2003-03-31,SYMC,added
2003-04-16,FII,added
2003-04-16,PHA,removed
2003-07-17,MIR,removed
2003-07-17,PLD,added
2003-08-20,MDR,removed
2003-08-20,MHS,added
2003-09-26,ESRX,added
2003-09-26,QTRN,removed
2003-11-13,BGEN,removed
2003-11-13,BIIB,added
2004-02-27,CE,removed
2004-02-27,MTB,added
2004-03-25,CMX,added
2004-03-25,TUP,removed
2004-04-01,ETFC,added
2004-04-01,FBF,removed
2004-04-02,ACS,added
2004-04-23,MYL,added
2004-04-23,PCS,removed
2004-04-29,JHF,removed
2004-04-29,VLO,added
2004-05-03,AM,removed
2004-05-03,HSP,added
2004-07-01,GILD,added
2004-07-01,ONE,removed
2004-07-01,SOV,added
2004-07-01,UPC,removed
2004-08-03,FSH,added
2004-08-03,TNB,removed
2004-09-01,CF,removed
2004-09-01,TPR,added
2004-10-27,AWE,removed
2004-10-27,CITGQ,added
2004-11-01,LH,added
2004-11-01,SOTR,removed
2004-12-01,LLL,added
2004-12-01,WLP,removed
2004-12-03,FSL,added
2004-12-03,WNDXQ,removed
2004-12-20,ASN,added
2004-12-20,CBSS,added
2004-12-20,CR,removed
2004-12-20,DLX,removed
2004-12-20,FOXA,added
2004-12-20,WOR,removed
2004-12-29,PSFT,removed
2004-12-29,XTO,added
2005-03-14,NOV,added
2005-03-14,PWER,removed
2005-03-28,SHLD,added
2005-07-05,DHI,added
2005-07-05,GLK,removed
2005-07-05,STZ,added
2005-07-05,VRTS,removed
2005-07-22,TOY,removed
2005-07-22,WFT,added
2005-08-11,TSN,added
2005-08-11,UCL,removed
2005-08-12,SDS,removed
2005-08-12,VNO,added
2005-08-15,MUR,added
2005-08-15,NXTL,removed
2005-08-19,DALRQ,removed
2005-08-19,PSA,added
2005-08-29,MAY,removed
2005-08-30,CVH,added
2005-10-03,AMP,added
2005-10-03,G,removed
2005-10-03,PVN,removed
2005-10-04,LEN,added
2005-10-11,DPHIQ,removed
2005-10-11,PDCO,added
2005-11-21,AMZN,added
2005-12-02,CPNLQ,removed
2005-12-02,GNW,added
2005-12-20,GP,removed
2005-12-20,SSP,added
2006-01-03,KRB,removed
2006-01-03,VIAB,added
2006-01-03,VSTNQ,removed
2006-01-03,WFM,added
2006-01-04,MERQ,removed
2006-01-05,EL,added
2006-02-01,HAR,added
2006-02-01,RBK,removed
2006-02-01,SEBL,removed
2006-02-01,VRSN,added
2006-02-27,BRL,added
2006-02-27,SFA,removed
2006-03-03,CHK,added
2006-03-03,DCNAQ,removed
2006-04-03,BR,removed
2006-04-03,BXP,added
2006-04-03,CIN,removed
2006-04-03,DF,added
2006-04-03,GOOGL,added
2006-04-03,JP,removed
2006-04-03,KIM,added
2006-04-03,MYG,removed
2006-04-20,CHIR,removed
2006-04-20,SNDK,added
2006-04-24,GDT,removed
2006-04-24,LM,added
2006-05-18,AMCC,removed
2006-05-18,EQ,added
2006-06-02,ABS,removed
2006-06-02,JNPR,added
2006-06-06,CBH,added
2006-06-06,EC,removed
2006-06-28,CNX,added
2006-06-28,KRI,removed
2006-07-18,CTB,removed
2006-07-18,WIN,added
2006-08-01,CAR,removed
2006-08-01,GTW,removed
2006-08-01,H,added
2006-08-01,WYND,added
2006-08-11,CME,added
2006-08-11,KMG,removed
2006-10-02,ANDW,removed
2006-10-02,GDW,removed
2006-10-02,SII,added
2006-10-02,WU,added
2006-11-06,ASO,removed
2006-11-06,CELG,added
2006-11-10,CBRE,added
2006-11-10,FIS,added
2006-11-10,FSH,removed
2006-11-10,LPX,removed
2006-11-17,ACV,removed
2006-11-17,CTSH,added
2006-11-20,BTUUQ,added
2006-11-20,HCA,removed
2006-12-01,IAC,added
2006-12-01,LU,removed
2006-12-01,NFB,removed
2006-12-01,STR,added
2006-12-04,DTV,added
2006-12-04,FSL,removed
2006-12-20,NAV,removed
2006-12-20,TEX,added
2007-01-03,BLS,removed
2007-01-03,PTC,removed
2007-01-03,SE,added
2007-01-04,ESV,added
2007-01-10,AVB,added
2007-01-10,SBL,removed
2007-02-01,CMVT,removed
2007-02-02,RL,added
2007-02-12,EOP,removed
2007-02-12,VAR,added
2007-02-15,APCC,removed
2007-02-15,HCBK,added
2007-02-22,PGL,removed
2007-02-22,TEG,added
2007-03-02,CHRW,added
2007-03-02,HMA,removed
2007-03-20,HST,added
2007-03-20,PD,removed
2007-03-23,CMX,removed
2007-03-23,DDR,added
2007-03-29,ANF,added
2007-03-29,UVN,removed
2007-04-02,MDLZ,added
2007-04-02,TSG,removed
2007-04-10,AIZ,added
2007-04-10,H,removed
2007-05-31,KMI,removed
2007-05-31,SUNEQ,added
2007-06-01,MEDI,removed
2007-06-01,PCP,added
2007-07-02,ADCT,removed
2007-07-02,COV,added
2007-07-02,DFS,added
2007-07-02,GGP,added
2007-07-02,MEL,removed
2007-07-02,PMCS,removed
2007-07-02,SANM,removed
2007-07-02,TEL,added
2007-07-09,ACAS,added
2007-07-09,DG,removed
2007-07-12,AKAM,added
2007-07-12,BMET,removed
2007-08-27,JEF,added
2007-08-27,KSE,removed
2007-09-07,CBSS,removed
2007-09-07,MCHP,added
2007-09-25,FDC,removed
2007-09-26,ICE,added
2007-09-27,ANDV,added
2007-09-27,MXIM,removed
2007-10-01,NCR,removed
2007-10-01,TDC,added
2007-10-02,EXPE,added
2007-10-02,SLR,removed
2007-10-08,ASN,removed
2007-10-08,NBL,added
2007-10-10,EXPD,added
2007-10-10,TXU,removed
2007-10-25,HLT,removed
2007-10-25,NYX,added
2007-10-26,AV,removed
2007-10-26,JEC,added
2007-10-29,BOL,removed
2007-10-29,TIE,added
2007-11-09,HCR,removed
2007-11-09,POM,added
2007-11-16,MTW,added
2007-11-16,TEK,removed
2007-11-19,AMT,added
2007-11-19,AT,removed
2007-12-14,DJ,removed
2007-12-14,GME,added
2007-12-21,RRC,added
2007-12-21,TRB,removed
2007-12-31,GHC,added
2007-12-31,TIN,removed
2008-01-02,SNV,removed
2008-01-02,TSS,added
2008-01-29,CAM,added
2008-01-29,HET,removed
2008-03-31,CBH,removed
2008-03-31,CCTYQ,removed
2008-03-31,HCP,added
2008-03-31,PM,added
2008-06-02,BSC,removed
2008-06-02,ISRG,added
2008-06-06,SWN,added
2008-06-06,TT,removed
2008-06-11,ABKFQ,removed
2008-06-11,LO,added
2008-06-23,BC,removed
2008-06-23,COG,added
2008-06-23,MEE,added
2008-06-23,OMX,removed
2008-07-01,AKS,added
2008-07-01,CFC,removed
2008-07-01,SNI,added
2008-07-01,SSP,removed
2008-07-18,MA,added
2008-07-31,CCU,removed
2008-07-31,DVA,added
2008-08-21,IAC,removed
2008-08-21,IVZ,added
2008-08-26,EDS,removed
2008-08-27,CF,added
2008-09-11,FMCC,removed
2008-09-11,FNMA,removed
2008-09-15,CRM,added
2008-09-15,FAST,added
2008-09-17,LEHMQ,removed
2008-09-22,HRS,added
2008-09-23,SAF,removed
2008-09-24,PXD,added
2008-09-30,APH,added
2008-09-30,WAMUQ,removed
2008-09-30,WEN,removed
2008-10-02,FLS,added
2008-10-07,KDP,added
2008-10-07,WWY,removed
2008-10-22,DDS,removed
2008-10-22,NDAQ,added
2008-10-31,MTG,removed
2008-10-31,WEC,added
2008-11-06,SJM,added
2008-11-06,TEX,removed
2008-11-11,UIS,removed
2008-11-13,GGP,removed
2008-11-13,PBCT,added
2008-11-14,ASH,removed
2008-11-14,HPC,removed
2008-11-14,WYNN,added
2008-11-14,XRAY,added
2008-11-17,CEPH,added
2008-11-18,BUD,removed
2008-11-19,SRCL,added
2008-11-24,ABI,removed
2008-11-24,LIFE,added
2008-12-02,DNB,added
2008-12-02,KATE,removed
2008-12-05,AW,removed
2008-12-05,RSG,added
2008-12-19,EQT,added
2008-12-19,RIG,removed
2008-12-23,BRL,removed
2008-12-23,MFE,added
2009-01-02,FLIR,added
2009-01-02,MER,removed
2009-01-02,NCC,removed
2009-01-02,OI,added
2009-01-02,SCG,added
2009-01-02,WB,removed
2009-01-06,IRM,added
2009-01-06,UST,removed
2009-01-30,SOV,removed
2009-01-30,WELL,added
2009-02-26,DO,added
2009-02-26,WFT,removed
2009-03-04,ACAS,removed
2009-03-04,HRL,added
2009-03-04,JNY,removed
2009-03-04,VTR,added
2009-03-17,ES,added
2009-03-27,NE,removed
2009-03-27,ORLY,added
2009-03-30,DDR,removed
2009-03-30,TWC,added
2009-04-02,DNR,added
2009-04-02,ROH,removed
2009-06-03,MTLQQ,removed
2009-06-05,COV,removed
2009-06-05,FTI,added
2009-06-09,ATGE,added
2009-06-26,TEL,removed
2009-06-30,TMUS,added
2009-07-01,EQ,removed
2009-07-01,IR,removed
2009-07-01,PWR,added
2009-07-01,WDC,added
2009-07-27,CITGQ,removed
2009-07-27,RHT,added
2009-08-19,CTX,removed
2009-08-19,FMC,added
2009-09-01,CFN,added
2009-09-01,MTW,removed
2009-09-09,ARG,added
2009-09-09,CBE,removed
2009-10-16,FSLR,added
2009-10-16,WYE,removed
2009-11-04,SGP,removed
2009-11-06,BKNG,added
2009-12-21,CIEN,removed
2009-12-21,CLF,added
2009-12-21,CVG,removed
2009-12-21,DYN,removed
2009-12-21,KBH,removed
2009-12-21,LDOS,added
2009-12-21,MBI,removed
2009-12-21,MJN,added
2009-12-21,ROST,added
2009-12-21,V,added
2009-12-23,ESV,removed
2009-12-23,ROP,added
2010-01-27,JAVA,removed
2010-01-29,NRG,added
2010-02-08,ACS,removed
2010-02-08,URBN,added
2010-02-16,BNI,removed
2010-02-16,BRK.B,added
2010-02-26,RX,removed
2010-03-01,DISCA,added
2010-03-01,HP,added
2010-03-01,PBG,removed
2010-03-15,BDK,removed
2010-03-15,OKE,added
2010-04-29,BJS,removed
2010-04-30,CERN,added
2010-06-28,KMX,added
2010-06-28,XTO,removed
2010-07-01,QEP,added
2010-07-01,STR,removed
2010-07-15,MIL,removed
2010-08-27,SII,removed
2010-11-17,IR,added
2010-11-17,PTV,removed
2010-12-20,CVC,added
2010-12-20,EKDKQ,removed
2010-12-20,FFIV,added
2010-12-20,KG,removed
2010-12-20,NFLX,added
2010-12-20,NFX,added
2010-12-20,NYT,removed
2010-12-20,ODP,removed
2011-01-04,MDP,removed
2011-01-04,MMI,added
2011-01-18,NE,added
2011-01-18,QLGC,removed
2011-02-28,AYE,removed
2011-02-28,JOY,added
2011-03-01,COV,added
2011-03-01,MFE,removed
2011-04-01,EW,added
2011-04-01,Q,removed
2011-04-04,BLK,added
2011-04-04,GENZ,removed
2011-04-28,CMG,added
2011-04-28,NOVL,removed
2011-06-02,ANRZQ,added
2011-06-02,MEE,removed
2011-07-01,MPC,added
2011-07-01,RSHCQ,removed
2011-07-06,ACN,added
2011-07-06,MI,removed
2011-09-26,MOS,added
2011-09-26,NSM,removed
2011-10-14,CEPH,removed
2011-10-17,TEL,added
2011-11-01,ITT,removed
2011-11-01,XYL,added
2011-11-23,CBE,added
2011-11-23,JNS,removed
2011-12-12,GAS,removed
2011-12-13,GAS,added
2011-12-19,AKS,removed
2011-12-19,BWA,added
2011-12-19,DLTR,added
2011-12-19,MWW,removed
2011-12-19,PRGO,added
2011-12-19,SUNEQ,removed
2011-12-21,TLAB,removed
2011-12-21,TRIP,added
2012-01-03,CPWR,removed
2012-01-03,WPX,added
2012-03-13,CCI,added
2012-03-13,CEG,removed
2012-04-02,MHS,removed
2012-04-04,FOSL,added
2012-05-01,PSX,added
2012-05-01,SVU,removed
2012-05-22,MMI,removed
2012-05-25,ALXN,added
2012-05-25,EP,removed
2012-05-25,KMI,added
2012-06-05,LRCX,added
2012-06-05,NVLS,removed
2012-06-29,HSH,removed
2012-06-29,MNST,added
2012-07-02,PGN,removed
2012-07-02,STX,added
2012-07-27,GR,removed
2012-07-31,ESV,added
2012-09-05,LYB,added
2012-09-05,SHLD,removed
2012-10-01,ATGE,removed
2012-10-01,LXK,removed
2012-10-01,PNR,added
2012-10-02,ADT,added
2012-10-02,ANRZQ,removed
2012-10-02,KRFT,added
2012-10-05,PETM,added
2012-10-05,SUN,removed
2012-12-03,CBE,removed
2012-12-03,DG,added
2012-12-12,GRMN,added
2012-12-12,RRD,removed
2012-12-24,APTV,added
2012-12-24,TIE,removed
2013-01-02,ABBV,added
2013-01-02,FII,removed
2013-02-14,BIG,removed
2013-02-14,PVH,added
2013-05-01,REGN,added
2013-05-01,TMUS,removed
2013-05-07,CVH,removed
2013-05-09,MAC,added
2013-05-24,DF,removed
2013-05-24,KSU,added
2013-06-07,GM,added
2013-06-07,HNZ,removed
2013-06-24,FHN,removed
2013-06-24,ZTS,added
2013-07-01,APOL,removed
2013-07-01,NWSA,added
2013-07-09,NLSN,added
2013-07-09,S,removed
2013-09-11,BMC,removed
2013-09-11,DAL,added
2013-09-23,AMD,removed
2013-09-23,AME,added
2013-09-23,LDOS,removed
2013-09-23,VRTX,added
2013-10-29,DELL,removed
2013-10-29,RIG,added
2013-11-13,KORS,added
2013-11-13,NYX,removed
2013-12-02,ALLE,added
2013-12-02,JCP,removed
2013-12-09,MOLX,removed
2013-12-10,GGP,added
2013-12-23,ADS,added
2013-12-23,ANF,removed
2013-12-23,FB,added
2013-12-23,MHK,added
2013-12-23,TER,removed
2013-12-23,VIAV,removed
2014-01-24,LIFE,removed
2014-01-24,TSCO,added
2014-03-24,GMCR,added
2014-03-24,WPX,removed
2014-04-02,CLF,removed
2014-04-02,ESS,added
2014-04-03,GOOG,added
2014-05-01,BEAM,removed
2014-05-01,NAVI,added
2014-05-01,SLM,removed
2014-05-01,UAA,added
2014-05-07,LSI,removed
2014-05-08,AVGO,added
2014-06-20,IGT,removed
2014-06-20,XEC,added
2014-07-01,AMG,added
2014-07-01,FRX,removed
2014-07-02,MLM,added
2014-07-02,X,removed
2014-08-07,DISCK,added
2014-08-19,MNK,added
2014-08-19,RDC,removed
2014-09-22,BTUUQ,removed
2014-09-22,GHC,removed
2014-09-22,UHS,added
2014-09-22,URI,added
2014-11-05,JBL,removed
2014-11-05,LVLT,added
2014-12-05,BMS,removed
2014-12-05,RCL,added
2015-01-27,COV,removed
2015-01-27,ENDP,added
2015-01-27,HCA,added
2015-01-27,SWY,removed
2015-03-12,PETM,removed
2015-03-12,SWKS,added
2015-03-17,CFN,removed
2015-03-18,HSIC,added
2015-03-23,AAL,added
2015-03-23,AVP,removed
2015-03-23,DNR,removed
2015-03-23,EQIX,added
2015-03-23,HBI,added
2015-03-23,NBR,removed
2015-03-23,SLG,added
2015-04-07,O,added
2015-04-07,WIN,removed
2015-06-12,LO,removed
2015-06-12,QRVO,added
2015-06-30,TEG,removed
2015-07-01,BXLT,added
2015-07-01,JBHT,added
2015-07-01,QEP,removed
2015-07-02,ATI,removed
2015-07-02,CPGX,added
2015-07-02,MWV,removed
2015-07-02,WRK,added
2015-07-06,KHC,added
2015-07-06,KRFT,removed
2015-07-07,FDO,removed
2015-07-09,AAP,added
2015-07-20,NE,removed
2015-07-20,PYPL,added
2015-07-27,DTV,removed
2015-07-29,SIG,added
2015-08-31,ATVI,added
2015-08-31,PLL,removed
2015-09-03,HSP,removed
2015-09-03,UAL,added
2015-09-21,CMCSK,added
2015-09-21,FOX,added
2015-09-21,NWS,added
2015-10-08,JOY,removed
2015-10-08,VRSK,added
2015-11-02,HCBK,removed
2015-11-02,HPE,added
2015-11-10,FCPT,added
2015-11-17,FCPT,removed
2015-11-18,GNW,removed
2015-11-18,SIAL,removed
2015-11-18,SYF,added
2015-11-19,ILMN,added
2015-11-30,CSRA,added
2015-12-01,DXC,removed
2015-12-14,CMCSK,removed
2015-12-28,ALTR,removed
2015-12-29,CHD,added
2016-01-04,CCEP,added
2016-01-04,CPRI,added
2016-01-05,FOSL,removed
2016-01-05,WLTW,added
2016-01-19,EXR,added
2016-02-01,BRCM,removed
2016-02-01,CFG,added
2016-02-01,FRT,added
2016-02-01,PCP,removed
2016-02-22,CXO,added
2016-02-22,PCL,removed
2016-03-03,GMCR,removed
2016-03-04,AWK,added
2016-03-04,CNX,removed
2016-03-07,UDR,added
2016-03-24,POM,removed
2016-03-30,CNC,added
2016-03-30,ESV,removed
2016-03-30,HOLX,added
2016-04-04,CAM,removed
2016-04-04,FL,added
2016-04-08,UA,added
2016-04-18,THC,removed
2016-04-18,ULTA,added
2016-04-25,GME,removed
2016-04-25,GPN,added
2016-05-02,ADT,removed
2016-05-03,AYI,added
2016-05-12,SNDK,removed
2016-05-13,ALK,added
2016-05-18,DLR,added
2016-05-18,TWC,removed
2016-05-23,ARG,removed
2016-05-23,LKQ,added
2016-05-31,AJG,added
2016-05-31,CCE,removed
2016-05-31,CCEP,removed
2016-06-03,BXLT,removed
2016-06-03,TDG,added
2016-06-21,CVC,removed
2016-06-24,FBHS,added
2016-07-01,ALB,added
2016-07-01,CPGX,removed
2016-07-01,GAS,removed
2016-07-01,LNT,added
2016-07-01,TE,removed
2016-07-05,FTV,added
2016-09-06,MTD,added
2016-09-07,EMC,removed
2016-09-08,CHTR,added
2016-09-23,COO,added
2016-09-23,HOT,removed
2016-10-03,COTY,added
2016-10-03,DO,removed
2016-12-02,EVHC,added
2016-12-02,LM,removed
2016-12-02,MAA,added
2016-12-02,OI,removed
2017-01-05,IDXX,added
2017-01-05,STJ,removed
2017-02-27,SE,removed
2017-02-28,INCY,added
2017-03-01,CBOE,added
2017-03-01,PBI,removed
2017-03-02,ENDP,removed
2017-03-02,REG,added
2017-03-13,DISH,added
2017-03-13,HAR,removed
2017-03-13,LLTC,removed
2017-03-16,SNPS,added
2017-03-20,AMD,added
2017-03-20,ARE,added
2017-03-20,FSLR,removed
2017-03-20,FTR,removed
2017-03-20,RJF,added
2017-03-20,URBN,removed
2017-04-04,DXC,added
2017-04-04,SWN,removed
2017-04-05,DNB,removed
2017-04-05,IT,added
2017-06-02,INFO,added
2017-06-02,TGNA,removed
2017-06-15,MJN,removed
2017-06-19,AABA,removed
2017-06-19,ALGN,added
2017-06-19,ANSS,added
2017-06-19,HLT,added
2017-06-19,R,removed
2017-06-19,RE,added
2017-06-19,TDC,removed
2017-07-25,RAI,removed
2017-07-26,AOS,added
2017-07-26,BBBY,removed
2017-07-26,DRE,added
2017-07-26,MGM,added
2017-07-26,MNK,removed
2017-07-26,MUR,removed
2017-07-26,PKG,added
2017-07-26,RIG,removed
2017-07-26,RMD,added
2017-08-07,BHF,added
2017-08-08,AN,removed
2017-08-28,WFM,removed
2017-08-29,IQV,added
2017-09-01,DD,removed
2017-09-01,DOW,removed
2017-09-01,DWDP,added
2017-09-01,SBAC,added
2017-09-13,SPLS,removed
2017-09-18,CDNS,added
2017-10-13,LVLT,removed
2017-10-13,NCLH,added
2017-12-29,BCR,removed
2018-01-03,HII,added
2018-03-07,IPGP,added
2018-03-07,SNI,removed
2018-03-19,CHK,removed
2018-03-19,NKTR,added
2018-03-19,PDCO,removed
2018-03-19,SIG,removed
2018-03-19,SIVB,added
2018-03-19,TTWO,added
2018-04-04,CSRA,removed
2018-04-04,MSCI,added
2018-05-31,ABMD,added
2018-05-31,WYND,removed
2018-06-05,EVRG,added
2018-06-05,NAVI,removed
2018-06-07,MON,removed
2018-06-07,TWTR,added
2018-06-15,TWX,removed
2018-06-18,AYI,removed
2018-06-18,BR,added
2018-06-18,HFC,added
2018-06-18,RRC,removed
2018-06-20,FLT,added
2018-07-02,CPRT,added
2018-07-02,KDP,removed
2018-08-28,ANET,added
2018-08-28,GGP,removed
2018-09-12,XL,removed
2018-09-17,WCG,added
2018-09-19,KORS,removed
2018-10-01,ANDV,removed
2018-10-01,ROL,added
2018-10-11,EVHC,removed
2018-10-11,FTNT,added
2018-10-31,PX,removed
2018-11-06,CA,removed
2018-11-06,KEYS,added
2018-11-06,LIN,added
2018-11-13,EQT,removed
2018-11-13,JKHY,added
2018-11-27,COL,removed
2018-11-29,AET,removed
2018-12-03,FANG,added
2018-12-03,LW,added
2018-12-03,MXIM,added
2018-12-03,SRCL,removed
2018-12-21,ESRX,removed
2018-12-24,CE,added
2019-01-02,FRC,added
2019-01-02,SCG,removed
2019-01-18,PCG,removed
2019-01-18,TFX,added
2019-02-15,ATO,added
2019-02-15,NFX,removed
2019-02-27,GT,removed
2019-02-27,WAB,added
2019-04-02,BHF,removed
2019-04-02,DOW,added
2019-06-01,HRS,removed
2019-06-01,LHX,added
2019-06-03,CTVA,added
2019-06-03,DD,added
2019-06-03,DWDP,removed
2019-06-03,FLR,removed
2019-06-07,AMCR,added
2019-06-07,MAT,removed
2019-07-01,LLL,removed
2019-07-01,MKTX,added
2019-07-15,RHT,removed
2019-07-15,TMUS,added
2019-08-08,GL,added
2019-08-08,TMK,removed
2019-08-09,APC,removed
2019-08-09,FL,removed
2019-08-09,IEX,added
2019-08-09,LDOS,added
2019-09-23,CDW,added
2019-09-23,TSS,removed
2019-09-26,JEF,removed
2019-09-26,NVR,added
2019-10-03,LVS,added
2019-10-03,NKTR,removed
2019-10-18,BHGE,removed
2019-10-18,BKR,added
2019-11-05,HCP,removed
2019-11-05,NLOK,added
2019-11-05,PEAK,added
2019-11-05,SYMC,removed
2019-11-21,CELG,removed
2019-11-21,NOW,added
2019-12-05,CBS,removed
2019-12-05,VIAB,removed
2019-12-05,VIAC,added
2019-12-05,WRB,added
2019-12-09,BBT,removed
2019-12-09,ODFL,added
2019-12-09,STI,removed
2019-12-09,TFC,added
2019-12-10,J,added
2019-12-10,JEC,removed
2019-12-23,AMG,removed
2019-12-23,LYV,added
2019-12-23,MAC,removed
2019-12-23,STE,added
2019-12-23,TRIP,removed
2019-12-23,ZBRA,added
2020-01-28,PAYC,added
2020-01-28,WCG,removed
2020-03-03,TT,added
2020-03-03,XEC,removed
2020-04-03,CARR,added
2020-04-03,OTIS,added
2020-04-03,RTX,added
2020-04-03,UTX,removed
2020-04-06,ARNC,removed
2020-04-06,HWM,added
2020-04-06,M,removed
2020-04-06,RTN,removed
2020-05-12,AGN,removed
2020-05-12,CPRI,removed
2020-05-12,DPZ,added
2020-05-12,DXCM,added
2020-05-22,HP,removed
2020-05-22,WST,added
2020-06-22,ADS,removed
2020-06-22,BIO,added
2020-06-22,HOG,removed
2020-06-22,JWN,removed
2020-06-22,TDY,added
2020-06-22,TYL,added
2020-09-18,CTL,removed
2020-09-18,LUMN,added
2020-09-21,COTY,removed
2020-09-21,CTLT,added
2020-09-21,ETSY,added
2020-09-21,HRB,removed
2020-09-21,KSS,removed
2020-09-21,TER,added
2020-10-07,ETFC,removed
2020-10-07,POOL,added
2020-10-12,NBL,removed
2020-10-12,VNT,added
2020-11-17,MYL,removed
2020-11-17,VTRS,added
2020-12-21,AIV,removed
2020-12-21,TSLA,added
2021-01-07,ENPH,added
2021-01-07,TIF,removed
2021-01-21,CXO,removed
2021-01-21,TRMB,added
2021-02-12,FTI,removed
2021-02-12,MPWR,added
2021-03-22,CZR,added
2021-03-22,FLS,removed
2021-03-22,GNRC,added
2021-03-22,NXPI,added
2021-03-22,PENN,added
2021-03-22,SLG,removed
2021-03-22,VNT,removed
2021-03-22,XRX,removed
2021-04-20,PTC,added
2021-04-20,VAR,removed
2021-05-14,CRL,added
2021-05-14,FLIR,removed
2021-06-04,HFC,removed
2021-06-04,OGN,added
2021-07-21,ALXN,removed
2021-07-21,MRNA,added
2021-08-03,BBWI,added
2021-08-03,LB,removed
2021-08-30,MXIM,removed
2021-08-30,TECH,added
2021-09-20,BRO,added
2021-09-20,CDAY,added
2021-09-20,MTCH,added
2021-09-20,NOV,removed
2021-09-20,PRGO,removed
2021-09-20,UNM,removed
2021-10-04,COG,removed
2021-10-04,CTRA,added
2021-12-14,EPAM,added
2021-12-14,KSU,removed
2021-12-20,FDS,added
2021-12-20,HBI,removed
2021-12-20,LEG,removed
2021-12-20,SBNY,added
2021-12-20,SEDG,added
2021-12-20,WU,removed
2022-01-10,WLTW,removed
2022-01-10,WTW,added
2022-02-02,CEG,added
2022-02-02,GPS,removed
2022-02-15,NDSN,added
2022-02-15,XLNX,removed
2022-02-17,PARA,added
2022-02-17,VIAC,removed
2022-03-02,INFO,removed
2022-03-02,MOH,added
2022-04-04,CPT,added
2022-04-04,PBCT,removed
2022-04-11,DISCA,removed
2022-04-11,DISCK,removed
2022-04-11,WBD,added
2022-05-10,BALL,added
2022-05-10,BLL,removed
2022-06-08,CERN,removed
2022-06-08,VICI,added
2022-06-09,FB,removed
2022-06-09,META,added
2022-06-21,IPGP,removed
2022-06-21,KDP,added
2022-06-21,ON,added
2022-06-21,UA,removed
2022-06-21,UAA,removed
2022-06-28,ANTM,removed
2022-06-28,ELV,added
2022-09-19,CSGP,added
2022-09-19,INVH,added
2022-09-19,PENN,removed
2022-09-19,PVH,removed
2022-10-03,CTXS,removed
2022-10-03,DRE,removed
2022-10-03,EQT,added
2022-10-03,PCG,added
2022-10-12,NLSN,removed
2022-10-12,TRGP,added
2022-11-01,ACGL,added
2022-11-01,TWTR,removed
2022-11-08,GEN,added
2022-11-08,NLOK,removed
2022-12-19,FBHS,removed
2022-12-19,FSLR,added
2022-12-22,ABMD,removed
2022-12-22,STLD,added
2023-01-04,GEHC,added
2023-01-04,VNO,removed
2023-03-15,BG,added
2023-03-15,PODD,added
2023-03-15,SBNY,removed
2023-03-15,SIVB,removed
2023-03-20,FICO,added
2023-03-20,LUMN,removed
2023-05-04,AXON,added
2023-05-04,FRC,removed
2023-05-16,PKI,removed
2023-05-16,RVTY,added
2023-06-07,FI,added
2023-06-07,FISV,removed
2023-06-20,DISH,removed
2023-06-20,PANW,added
2023-07-10,EG,added
2023-07-10,RE,removed
2023-08-25,AAP,removed
2023-08-25,KVUE,added
2023-08-30,ABC,removed
2023-08-30,COR,added
2023-09-18,ABNB,added
2023-09-18,BX,added
2023-09-18,LNC,removed
2023-09-18,NWL,removed
2023-10-02,DXC,removed
2023-10-02,VLTO,added
2023-10-18,ALK,removed
2023-10-18,ATVI,removed
2023-10-18,BLDR,added
2023-10-18,HUBB,added
2023-10-18,JBL,added
2023-10-18,LULU,added
2023-10-18,OGN,removed
2023-10-18,SEDG,removed
2023-10-18,SEE,removed
2023-10-18,UBER,added
2024-02-01,CDAY,removed
2024-02-01,DAY,added
2024-03-04,DOC,added
2024-03-04,PEAK,removed
2024-03-18,DECK,added
2024-03-18,SMCI,added
2024-03-18,WHR,removed
2024-03-18,ZION,removed
2024-03-25,CPAY,added
2024-03-25,FLT,removed
2024-04-03,GEV,added
2024-04-03,SOLV,added
2024-04-03,VFC,removed
2024-04-03,XRAY,removed
2024-05-08,PXD,removed
2024-05-08,VST,added
2024-06-24,CMA,removed
2024-06-24,CRWD,added
2024-06-24,GDDY,added
2024-06-24,ILMN,removed
2024-06-24,KKR,added
2024-06-24,RHI,removed
2024-07-08,SW,added
2024-07-08,WRK,removed
2024-09-23,AAL,removed
2024-09-23,BIO,removed
2024-09-23,DELL,added
2024-09-23,ERIE,added
2024-09-23,ETSY,removed
2024-09-23,PLTR,added
2024-09-30,AMTM,added
2024-09-30,NAN,removed
2024-10-01,BBWI,removed
2024-10-01,NAN,added
2024-11-26,MRO,removed
2024-11-26,TPL,added
2024-12-23,AMTM,removed
2024-12-23,APO,added
2024-12-23,CTLT,removed
2024-12-23,LII,added
2024-12-23,QRVO,removed
2024-12-23,WDAY,added
2025-03-24,BWA,removed
2025-03-24,CE,removed
2025-03-24,DASH,added
2025-03-24,EXE,added
2025-03-24,FMC,removed
2025-03-24,TFX,removed
2025-03-24,TKO,added
2025-03-24,WSM,added
2025-04-24,BWA,removed
2025-04-24,CE,removed
2025-04-24,DASH,added
2025-04-24,EXE,added
2025-04-24,FMC,removed
2025-04-24,TFX,removed
2025-04-24,TKO,added
2025-04-24,WSM,added
2025-05-19,COIN,added
2025-05-19,DFS,removed
2025-07-09,DDOG,added
2025-07-09,JNPR,removed
2025-07-18,ANSS,removed
2025-07-18,TTD,added
2025-07-23,HES,removed
2025-07-23,XYZ,added
2025-08-08,PARA,removed
2025-08-08,PSKY,added
2025-08-28,IBKR,added
2025-08-28,WBA,removed
2025-09-22,APP,added
2025-09-22,CZR,removed
2025-09-22,EME,added
2025-09-22,ENPH,removed
2025-09-22,HOOD,added
2025-09-22,MKTX,removed
2025-10-30,NAN,removed
2025-10-30,SOLS,added
2025-10-31,KMX,removed
2025-10-31,NAN,added
2025-11-03,NAN,removed
2025-11-03,Q,added
2025-11-04,EMN,removed
2025-11-04,NAN,added
2025-11-11,FI,removed
2025-11-11,FISV,added
2025-11-28,IPG,removed
2025-11-28,SNDK,added
2025-12-11,ARES,added
2025-12-11,K,removed
2025-12-22,CRH,added
2025-12-22,CVNA,added
2025-12-22,FIX,added
2025-12-22,LKQ,removed
2025-12-22,MHK,removed
2025-12-22,SOLS,removed
2026-01-14,MMC,removed
2026-01-14,MRSH,added
